Patient ID,How did you hear about us?,Child birth order in family,Is the Child in school?,Cause of Hearing Loss,Other causes of Hearing Loss,Other issues parents see from hearing loss,Does the patient have another disability?,"If yes, please list and describe other disabilities.",Number of additional Disabled People in House,Number of Retired Household Members,Number of Military or Police in Household,Overall Number of Working People in Household,Number of Cars in Household ,Number of loans if any,Type of Insurance,Do you receive any social security benefits?,Household Income Range,Notes,Next
B00009,,,,,,,,,,,,,,,,,,,
B00012,,,,,,,,,,,,,,,,,,,
B00013,asdfasdfsdf,,,,,,,,,,,,,,,,,,
B00015,test,1 2 3 4,63e8af56c51ce88a3ae9da5c,63e9fc13c51ce88a3aea9894,NOPE,aa,64801df486facc3b08cc3db8,no,28,,,,,,63496edd277ba37d56f4e500,,,,
B00017,,,,,,,,,,,,,,,,,,notes here,
B00018,sdsdsdfasdf,sf,63e8af56c51ce88a3ae9da5c,,,,,,,,4,,,,,,,,
C00001,qefa,,,,,,,,,,,,,,,,,,
C00004,,,63e8af56c51ce88a3ae9da5c,65a4930b3474fb28b9046465,,,,,,,,,,,,,,,
