Date Created,Order ID,Last Edited,Last Edited By,Status,Phone Number,Order Year,First Name,Father's Name,Grandfather's Name,Family Name
2024-01-14,B00001,2024-01-14,Matthew Walowski,Active,,2024,Matthew,Logan,,Walowski
2024-01-14,B00002,2024-01-14,Matthew Walowski,Active,,2024,Matthew2,,,
2024-01-14,B00003,2024-01-14,Matthew Walowski,Active,,2024,Matthew3,,,W
2024-01-14,B00004,2024-01-14,Matthew Walowski,Active,,2024,Matthew4,,,W
2024-01-14,B00005,2024-01-14,Matthew Walowski,Active,,2024,Matthew5,,,W
2024-01-14,B00006,2025-03-02,Matthew Walowski,Active,,2024,Matthew5,,,W
2024-01-14,B00007,2024-02-04,Matthew Walowski,Active,,2024,Matthew7,,,W
2024-01-14,B00008,2024-01-14,Matthew Walowski,Archived,,2024,Matthew8,,,W
2024-01-14,B00009,2025-03-02,Matthew Walowski,Active,,2024,Matthew9,,,W
2024-01-14,B00010,2024-01-14,Matthew Walowski,Active,,2024,Matthew10,,,W
2024-01-14,B00011,2024-02-04,Matthew Walowski,Active,,2024,Matthew11,,,W
2024-01-14,B00012,2025-03-01,Matthew Walowski,Archived,,2024,Matthew12,,,W
2024-01-14,B00013,2024-04-13,Matthew Walowski,Active,,2024,Matthew13,,,W
2024-01-14,B00014,2025-03-02,ISJHH000 None,Active,,2024,I CHANGE IT!,,,W
2024-01-14,B00015,2024-01-15,Matthew Walowski,Active,,2024,Matthew15,,,W
2024-01-15,B00016,2024-01-15,Matthew Walowski,Active,,2024,Test,test,asdf,asdf
2024-01-28,B00017,2025-01-04,Matthew Walowski,Active,,2024,Tester,,,Patient
2024-04-06,B00018,2024-12-26,Matthew Walowski,Active,,2024,Tester,,,Patient
2025-02-02,C00001,2025-03-01,Matthew Walowski,Archived,,2025,NewOne,,,No
2025-03-02,C00002,2025-03-02,ISJHH000 None,Active,,2025,Should Have Gaza,,,f
2025-03-02,C00003,2025-06-01,Matthew Walowski,Active,,2025,NO TAGS,rrgda,,
2025-06-01,C00004,2025-06-01,Matthew Walowski,Active,,2025,New Patient,,,I TEST
